id; name; email; password
0;fa0e74411e57b80e2dab;64d998192c8b05324732@gmail.com;e896b3c9561bc3436a25
1;6e4c7194ff40b16618e8;0a8c50095519a2125e8b@gmail.com;25ba7e7c40a3cc2a14ae
2;78de5f69f85b4a1d5f44;22a08ea036ac483ab816@gmail.com;097278e38e0957dc5424
3;0f47f9b21aa265ec4db1;6372d2be78cafaead088@gmail.com;e45808dc53260e0f2357
4;64d70715fb0f9ea53d6c;d07f71681a6a0090b637@gmail.com;d4cda41fbd4cbe763c3c
5;c37616b7261af2ccd9c2;b03cecd7e294f3b534e6@gmail.com;98a76b069ef08f6d017a
6;545ef3569a41a53a6068;2604ee1db6557e43d7fa@gmail.com;eecd71d6fa8335ea9cf0
7;cf03e9dd435259c4ba50;fe274b62ddda39e14f8c@gmail.com;92896bb45b99bb8ad70e
8;69956c7557f8e50ba1da;265239a0aa4156d34e3f@gmail.com;327a3ff5f302799e4886
9;be7117b2dee3817a19e8;265bfa66e9df4acc3ea6@gmail.com;0625f8b9183d68ab3e9e
10;cafee56bb1f925ce52b2;bd4c7a7edc9f957814ce@gmail.com;c698c23d7d3732461fb4
11;9e9bddd7ef1ab9bd5f7a;32a2d404874829786a56@gmail.com;5715bbd54ae7b3f94c1f
12;8e743c5c1636457dfc14;c6a6978fe942346660d6@gmail.com;ebb657753a794c9c7e87
13;6a8071c64124d738e554;4d0e6ea132294e48cd1e@gmail.com;c3e847d7243562e427d3
14;f272f501b69d74b8be10;c7eff47d50fa4a5b69b5@gmail.com;b82b1cd489afca9365bf
15;d6d4483d792aa64d13e7;dcd945a107c4ed70b40c@gmail.com;8c0be15f3d82fb95a2a6
16;b82cffee7f6830a78933;c8c51b07eb507ce72c36@gmail.com;4f1228264ab1ffa02577
17;cf3dbe9223d42f74fbda;cde522cd424456cc6ba6@gmail.com;921a90e8b80579763f4d
18;a9891a8409d13515be94;36592b29508899b284a8@gmail.com;aa06535ef75d4231d2b1
19;f56bc47c85dc6316238d;82f3092b881a8b0c9234@gmail.com;010d55661f7d24621c65
20;9a53af417141a2a9f3eb;9eb2ddb6fc5702401611@gmail.com;9a475a8979dd90d1dfc3
21;bb3dcc6f3eae224119f1;8210c72944784e27d80f@gmail.com;cd27b389617fe3f45576
22;3a297fabff5e4a4318f8;1d78aa3e66ae1e57baba@gmail.com;c987f76e3b41cdb89f37
23;061d076655a95f1b836f;a5448ae3cafa24128f38@gmail.com;4978dbddfb57608ba971
24;bb1dc691c80991801695;25497262d95075c83c50@gmail.com;87d4998855456ac5b2b4
25;33f0b0bb2b746827df1e;2f456ba8ce39f7416bd5@gmail.com;405e4e3abfce3e2c8400
26;82201f335c17ebdf6089;84101bcaf6cc69a74175@gmail.com;b342293b63454abeff53
27;87f2af0251507edab01c;a235a90017871566b0aa@gmail.com;ca2f8e36b838ea505048
28;1f5dc2c81f3b8b0033f4;eb87d3dabc12f1ee46cc@gmail.com;3bb24411c91006230664
29;cad924b76d87a8f24035;4f56f36a85c6892cb353@gmail.com;d08b078236070ad39322
30;c8db969e1a3641f10040;8ebdddbb028d15f889ce@gmail.com;3882ea37fa50afcf9316
31;3f88c39c06fece9671f2;08a90124bf05e49d088c@gmail.com;345dcdff3d6e07ec5705
32;8ab4a49c8a9938e5d3cb;b8f6cb38e9178ae1fcef@gmail.com;28804f1f8d1cc43a4790
33;b1f145ad07bcfa987c9a;7c1be6d0e4b76314384d@gmail.com;245b9f53674b0d316f37
34;2fdf42f42153e2c328a0;31e86e614081c7a23c5f@gmail.com;a03439da0c1ebbb10cb4
35;d310159a1adafe37dca3;a638db121f1e5b04f9f2@gmail.com;0363726bbcd9315b9f1d
36;984638a46de0379714ab;fb14107c845a0969716a@gmail.com;fb95513fe761f7b18c31
37;7f4e0196778d41f70035;f1540bd029cb9dd5fd95@gmail.com;adaf267819aa76e53f2d
38;296ecdf53292aab81bb3;8bb848dab83e1d29e963@gmail.com;4d0fb870f98219d5ee77
39;0259239a852d10075d54;b8f8aee59e6bf504eebf@gmail.com;c291cddaeda3d7efb86f
40;e114044f3824d1f04dc1;3644098dbbee70907e8a@gmail.com;e5175f08ee75e2d19d88
41;4257b9ea8213d711efdb;2a0484fc7e7db1dea5b0@gmail.com;7ab4c8da7636393b614c
42;edcb9342d5b66f5dcc9b;a47403f1765dee4b01c9@gmail.com;8fff6a60ab4860fc3566
43;a2ec4914a201dff0f0c7;bd863c1f563c5093a286@gmail.com;7ecda0efca05fa5f7833
44;f36d222c757b42dec3c1;cba93f878629ae4c977e@gmail.com;35ae6c4ca7f19fc4c5a2
45;38cb71e9c9beaa7f0aa8;53ab663f7d9d94856b4e@gmail.com;b85268163003f71254bc
46;99a2c9a1ea13ba96ccff;188bf30d1c1ca97567c0@gmail.com;34428c927aa91cb198cb
47;ec1c49a0b45ea7f771b8;d1cecf23c64906103868@gmail.com;df5802328f2ff6c86ef0
48;60daf9505b23dc836f8b;d5e5a59c3c6f8df2dbc2@gmail.com;ac578066d2e4e9724516
49;1e5cdbf08d618556fa32;840efe57cf1f3d56d77b@gmail.com;5c9d1010086c57b75621
50;64aa8145ec42df047099;3207b31d988738d68786@gmail.com;005550a04711c9644f7b
51;81366f86975fcc692415;9a5f8f4d2f21cc1adfec@gmail.com;9a011ce795c52c0ecba1
52;5c6dfc6d57b6cef4c27d;86e0aef5d0cb4170645b@gmail.com;75e3875c769c5a5000ef
53;48d2e78151e14bc4e189;964caa06dc131675e8a7@gmail.com;e75fd603320f97216d68
54;b7b2db4c7b411e34fe28;e7a6fac96b02e3002320@gmail.com;550377b024c1df822ea5
55;8c0f64cbc6f5249a571a;46891d61e7f2e56798ed@gmail.com;a308ccb337bc7e974e4b
56;ab503d9fc51cf16a1013;4ede9a4844ba574a1c19@gmail.com;a6f1a5b439866f190f35
57;b5d254d78fddd1122edb;d8374ad036b2b4a42eec@gmail.com;d802c3bc991610507955
58;9d8ec913f59e61264cb6;463cac9d681960ee9f36@gmail.com;d9c880dc7d364faa32f9
59;6e28ac2127c4a41fa692;4556a348e3172dd242a4@gmail.com;6e7698da83fc997f6b8a
60;bba5046f6fad5ddb53f4;0ffc2e84f2c7ad542fd0@gmail.com;a48cae1b5136caa35718
61;bb918ae38c97ea5b7da1;c12df1a32d711e967786@gmail.com;e2dfb7e75568f51af917
62;88087ab7488ce1338aa1;d24d7c8c224cbc2c3179@gmail.com;9ec5d28602cf7d0a378d
63;8f55975457903d14e15d;04cffd279997b92185b8@gmail.com;0a230b5ea124a5dc225e
64;893d8f9dd8328d047fcf;15fe8386b56ec4a95603@gmail.com;a9f766995a3a21025985
65;d3e4c430f430177676a0;6998f72e50dac2f4c446@gmail.com;33c23fdf313c72a5eef9
66;2068292c17e97dd0c097;8af5db2e8e16691c59d1@gmail.com;5d70ae9ff75967346002
67;14c08aa694fed486ea98;cfc2e37f230083eb8d70@gmail.com;b428c3e0d70927537251
68;bf9b5d57c69f4b0e8925;b3eabcff385c31c48fdb@gmail.com;da4c63222198f09b8c01
69;cfb10aefa7b4a037f85a;64b379609ee657d2645d@gmail.com;34d2066710718d64bc2d
70;de3d2fea3811b88d35cf;3df2278ace7059c3c9db@gmail.com;deeafdd05f62f4aa01a2
71;adbbb290b9c40ba6f7cf;d88f9481cc843be4bf64@gmail.com;b6aa092fd0640b59e8c5
72;e8a83ba5aed784d467c3;7e6016e5dcdb403e4a6e@gmail.com;bf436ff377c7915e4b76
73;417ba21b81364aaa79af;1b9e0d95a0ad7d27f74e@gmail.com;83e256f2beb04566b347
74;7363eae61e0e3f303592;50f9338e0a7bac480b3c@gmail.com;be3d6440c06d050746fe
75;420fafb085bab0479be1;9e8d913ba1420935cdab@gmail.com;259ca6110394aa992be7
76;68292ec36f8788c90a77;e929f413890c851c2299@gmail.com;4d0cd17fbe7c677050a4
77;f2dac7050cc0a4d396fb;7410d89900f2dcf28e0d@gmail.com;c7e36c46107d58b3f8f9
78;ddfba595b0a5d854983f;76df40eea96a19c40a8a@gmail.com;031c354714634701e01f
79;01fcf44ee0cd1d880c00;d0863317084abee28f42@gmail.com;f62dbb4dbc1cb6e6920a
80;d783c782aa0f26c8777c;e080f6e112444c2113ea@gmail.com;8305a4a94a97ae7b318d
81;0232477f9ec09e6032a7;b0859964811326fc9b46@gmail.com;2cb06ac18466d2054934
82;2644278a481da30b3741;7f7e8a39893ea215cb69@gmail.com;9c92b99a0a11f9a3ed33
83;e8b8f61611a320d6dc14;63c171857b6ccd98c5ec@gmail.com;28cd51d9884c1b38106e
84;d53ed1487ca9d1cc530d;0ae8e2ca01f9d1ea2e81@gmail.com;4bb395fe089f8e32f01b
85;2ccd89d54ba5a3652c6c;e40ba05ac8360599e28e@gmail.com;2c7e16a62b7c8f47871b
86;0a4b77bfe4d7b49d25a8;6b8c9f562d65820b04a9@gmail.com;1876534b77c281c5303d
87;ea8ecabe4d8bac7024c9;6ae5043c20757c384e31@gmail.com;60915438b88c398225f8
88;8d8b10bd7b9d85de1d4e;e273502b0f2d11cd12b7@gmail.com;aebe7d621552a1dd612c
89;8bb7628f4b43e4c8a2cc;6d5c4217debd3b7c7934@gmail.com;fb0d37a9795c970af1f4
90;f99d9ea54aa2f253ea1a;68ff62ee8713032f8739@gmail.com;c831ae8a77cafb1bed6c
91;164df7c3c71c4851d7bd;84ac1ca4d2f7cbd472d4@gmail.com;a60a6c5fedfabd2383f7
92;7514aa8aa4251d41b27c;c25b06692cff702492d6@gmail.com;14838128aeac75e53492
93;2799e2d9f0392b4a8ad1;fe562bf814f37635cc90@gmail.com;7ea37c80782fc8413597
94;dd30e926d5c4df9646ce;0728181b14df71b7ead0@gmail.com;5bacc254d076c7f832a3
95;e33e4dcb24a65be2aa77;ffe0ed222f486d8f5939@gmail.com;37cea27c129b697eeea8
96;b8d87be1c0e49b5034a0;9a257e6bf6067a048f52@gmail.com;29f7df37f45fa4deabb3
97;36f536462af1e839427f;37f2e8980c8cd4cc35cc@gmail.com;670e41e5e1c5c4da5053
98;b131080d47544103476e;3488a556894b816cacfb@gmail.com;855da34c41036a1a02bc
99;1acd087ebf2d9d2f5940;de45b621d2928169e1c7@gmail.com;5b32885e7d0404c73f9e
